{"cameraMode":{"drawMode":0,"name":"Shaded","section":"Shading Mode"},"sceneLighting":true,"audioPlay":false,"sceneViewState":{"showFog":true,"showMaterialUpdate":false,"showSkybox":true,"showFlares":true,"showImageEffects":true,"showParticleSystems":true},"in2DMode":false,"pivot":{"x":0.4083566665649414,"y":-7.849191665649414,"z":7.599124431610107},"rotation":{"x":0.3547927439212799,"y":0.6070420742034912,"z":-0.3470155596733093,"w":0.6206570267677307},"size":14.23348331451416,"orthographic":false}