{"cameraMode":{"drawMode":0,"name":"Shaded","section":"Shading Mode"},"sceneLighting":false,"audioPlay":false,"sceneViewState":{"showFog":true,"showMaterialUpdate":false,"showSkybox":false,"showFlares":true,"showImageEffects":true,"showParticleSystems":true},"in2DMode":false,"pivot":{"x":2.1241226196289064,"y":-1.1911437511444092,"z":17.223426818847658},"rotation":{"x":0.02467970922589302,"y":-0.9639145135879517,"z":0.24695910513401032,"w":0.09633125364780426},"size":5.5566253662109379,"orthographic":false}