{"cameraMode":{"drawMode":0,"name":"Shaded","section":"Shading Mode"},"sceneLighting":false,"audioPlay":false,"sceneViewState":{"showFog":true,"showMaterialUpdate":false,"showSkybox":false,"showFlares":true,"showImageEffects":true,"showParticleSystems":true},"in2DMode":false,"pivot":{"x":9.219562530517579,"y":0.8286546468734741,"z":-38.85987854003906},"rotation":{"x":0.20989274978637696,"y":0.017597941681742669,"z":-0.0037784939631819727,"w":0.9775601029396057},"size":1.7660253047943116,"orthographic":false}