{"cameraMode":{"drawMode":0,"name":"Shaded","section":"Shading Mode"},"sceneLighting":true,"audioPlay":false,"sceneViewState":{"showFog":true,"showMaterialUpdate":false,"showSkybox":true,"showFlares":true,"showImageEffects":true,"showParticleSystems":true},"in2DMode":false,"pivot":{"x":3.0432987213134767,"y":-3.7616240978240969,"z":-30.526874542236329},"rotation":{"x":0.16277270019054414,"y":-0.0014799386262893677,"z":0.00024458111147396266,"w":0.9866652488708496},"size":11.85250186920166,"orthographic":false}