{"cameraMode":{"drawMode":0,"name":"Shaded","section":"Shading Mode"},"sceneLighting":true,"audioPlay":false,"sceneViewState":{"showFog":true,"showMaterialUpdate":false,"showSkybox":true,"showFlares":true,"showImageEffects":true,"showParticleSystems":true},"in2DMode":false,"pivot":{"x":0.3668050765991211,"y":-0.6589512825012207,"z":7.281773567199707},"rotation":{"x":0.2728310823440552,"y":0.06056014448404312,"z":-0.01721111498773098,"w":0.9600000381469727},"size":5.571579456329346,"orthographic":false}