{"cameraMode":{"drawMode":0,"name":"Shaded","section":"Shading Mode"},"sceneLighting":false,"audioPlay":false,"sceneViewState":{"showFog":true,"showMaterialUpdate":false,"showSkybox":false,"showFlares":true,"showImageEffects":true,"showParticleSystems":true},"in2DMode":false,"pivot":{"x":-0.047633230686187747,"y":-0.01614663004875183,"z":-0.09020453691482544},"rotation":{"x":0.2128424346446991,"y":0.012312786653637886,"z":-0.0026824118103832008,"w":0.9770055413246155},"size":0.6790894269943237,"orthographic":false}