{"cameraMode":{"drawMode":0,"name":"Shaded","section":"Shading Mode"},"sceneLighting":true,"audioPlay":false,"sceneViewState":{"showFog":true,"showMaterialUpdate":false,"showSkybox":true,"showFlares":true,"showImageEffects":true,"showParticleSystems":true},"in2DMode":false,"pivot":{"x":-11.063977241516114,"y":-11.969948768615723,"z":-26.219751358032228},"rotation":{"x":0.33490246534347536,"y":-0.0832391306757927,"z":0.029716484248638154,"w":0.9380996823310852},"size":18.295291900634767,"orthographic":false}