{"cameraMode":{"drawMode":0,"name":"Shaded","section":"Shading Mode"},"sceneLighting":true,"audioPlay":false,"sceneViewState":{"showFog":true,"showMaterialUpdate":false,"showSkybox":true,"showFlares":true,"showImageEffects":true,"showParticleSystems":true},"in2DMode":false,"pivot":{"x":8.150177001953125,"y":-21.431732177734376,"z":-4.659175872802734},"rotation":{"x":-0.36497485637664797,"y":-0.030159881338477136,"z":0.011830509640276432,"w":-0.9304575324058533},"size":37.77497482299805,"orthographic":false}