{"cameraMode":{"drawMode":0,"name":"Shaded","section":"Shading Mode"},"sceneLighting":false,"audioPlay":false,"sceneViewState":{"showFog":true,"showMaterialUpdate":false,"showSkybox":false,"showFlares":true,"showImageEffects":true,"showParticleSystems":true},"in2DMode":false,"pivot":{"x":0.9444199800491333,"y":0.4513999819755554,"z":-38.884910583496097},"rotation":{"x":-0.22897319495677949,"y":0.22026069462299348,"z":-0.05327407270669937,"w":-0.9466891884803772},"size":3.0339744091033937,"orthographic":false}