{"cameraMode":{"drawMode":0,"name":"Shaded","section":"Shading Mode"},"sceneLighting":false,"audioPlay":false,"sceneViewState":{"showFog":true,"showMaterialUpdate":false,"showSkybox":false,"showFlares":true,"showImageEffects":true,"showParticleSystems":true},"in2DMode":false,"pivot":{"x":24.130794525146486,"y":11.429628372192383,"z":-39.261802673339847},"rotation":{"x":0.15134741365909577,"y":0.07701816409826279,"z":-0.011829204857349396,"w":0.9854071140289307},"size":20.608388900756837,"orthographic":false}