{"cameraMode":{"drawMode":0,"name":"Shaded","section":"Shading Mode"},"sceneLighting":false,"audioPlay":false,"sceneViewState":{"showFog":true,"showMaterialUpdate":false,"showSkybox":false,"showFlares":true,"showImageEffects":true,"showParticleSystems":true},"in2DMode":false,"pivot":{"x":-5.824999809265137,"y":4.914700031280518,"z":8.706704139709473},"rotation":{"x":0.18689945340156556,"y":-0.7105280756950378,"z":0.20539158582687379,"w":0.646559476852417},"size":3.000016927719116,"orthographic":false}