{"cameraMode":{"drawMode":0,"name":"Shaded","section":"Shading Mode"},"sceneLighting":false,"audioPlay":false,"sceneViewState":{"showFog":true,"showMaterialUpdate":false,"showSkybox":false,"showFlares":true,"showImageEffects":true,"showParticleSystems":true},"in2DMode":false,"pivot":{"x":-6.198999881744385,"y":4.500999927520752,"z":8.49899959564209},"rotation":{"x":0.18689945340156556,"y":-0.7105280756950378,"z":0.20539158582687379,"w":0.646559476852417},"size":3.3000168800354006,"orthographic":false}