{"cameraMode":{"drawMode":0,"name":"Shaded","section":"Shading Mode"},"sceneLighting":true,"audioPlay":false,"sceneViewState":{"showFog":true,"showMaterialUpdate":false,"showSkybox":true,"showFlares":true,"showImageEffects":true,"showParticleSystems":true},"in2DMode":false,"pivot":{"x":-0.27925872802734377,"y":-17.371931076049806,"z":3.9651527404785158},"rotation":{"x":-0.36229485273361208,"y":-0.01901482790708542,"z":0.007392853032797575,"w":-0.9318402409553528},"size":40.82396697998047,"orthographic":false}